{"LogisticRegression": {"accuracy": 0.8541666666666666, "f1_score": 0.859310581768209, "roc_auc": 0.8939393939393939, "conf_matrix": [[15, 0], [7, 26]]}, "RandomForest": {"accuracy": 0.7916666666666666, "f1_score": 0.7992286751361162, "roc_auc": 0.8303030303030303, "conf_matrix": [[14, 1], [9, 24]]}, "GBTClassifier": {"accuracy": 0.7708333333333334, "f1_score": 0.7791835357624832, "roc_auc": 0.8151515151515152, "conf_matrix": [[14, 1], [10, 23]]}, "NaiveBayes": {"accuracy": 0.8541666666666666, "f1_score": 0.8553970223325061, "roc_auc": 0.8393939393939395, "conf_matrix": [[12, 3], [4, 29]]}, "LinearSVC": {"accuracy": 0.8541666666666666, "f1_score": 0.859310581768209, "roc_auc": 0.8939393939393939, "conf_matrix": [[15, 0], [7, 26]]}, "XGBoost": {"accuracy": 1.0, "f1_score": 1.0, "roc_auc": 1.0, "conf_matrix": [[81, 0], [0, 79]]}}