{"LogisticRegression": {"accuracy": 0.9230769230769231, "f1_score": 0.9230769230769231, "roc_auc": 0.9150326797385621, "conf_matrix": [[16, 2], [2, 32]]}, "RandomForest": {"accuracy": 0.8269230769230769, "f1_score": 0.8306084159742697, "roc_auc": 0.841503267973856, "conf_matrix": [[16, 2], [7, 27]]}, "GBTClassifier": {"accuracy": 0.8653846153846154, "f1_score": 0.8674556213017751, "roc_auc": 0.8709150326797386, "conf_matrix": [[16, 2], [5, 29]]}, "NaiveBayes": {"accuracy": 0.8653846153846154, "f1_score": 0.8621097212646509, "roc_auc": 0.8316993464052287, "conf_matrix": [[13, 5], [2, 32]]}, "LinearSVC": {"accuracy": 0.9038461538461539, "f1_score": 0.9044279641294568, "roc_auc": 0.9003267973856208, "conf_matrix": [[16, 2], [3, 31]]}, "XGBoost": {"accuracy": 1.0, "f1_score": 1.0, "roc_auc": 1.0, "conf_matrix": [[87, 0], [0, 86]]}}