{"LogisticRegression": {"accuracy": 0.9019607843137255, "f1_score": 0.901185770750988, "roc_auc": 0.8823529411764706, "conf_matrix": [[14, 3], [2, 32]]}, "RandomForest": {"accuracy": 0.8823529411764706, "f1_score": 0.8838383838383838, "roc_auc": 0.8823529411764706, "conf_matrix": [[15, 2], [4, 30]]}, "GBTClassifier": {"accuracy": 0.9019607843137255, "f1_score": 0.9026297085998579, "roc_auc": 0.8970588235294117, "conf_matrix": [[15, 2], [3, 31]]}, "NaiveBayes": {"accuracy": 0.8627450980392157, "f1_score": 0.851358024691358, "roc_auc": 0.7941176470588236, "conf_matrix": [[10, 7], [0, 34]]}, "LinearSVC": {"accuracy": 0.9215686274509803, "f1_score": 0.9202380952380952, "roc_auc": 0.8970588235294118, "conf_matrix": [[14, 3], [1, 33]]}, "XGBoost": {"accuracy": 1.0, "f1_score": 1.0, "roc_auc": 1.0, "conf_matrix": [[86, 0], [0, 85]]}}