{"LogisticRegression": {"accuracy": 0.88, "f1_score": 0.8814583333333333, "roc_auc": 0.8805704099821746, "conf_matrix": [[15, 2], [4, 29]]}, "RandomForest": {"accuracy": 0.78, "f1_score": 0.7848888888888889, "roc_auc": 0.8333333333333333, "conf_matrix": [[17, 0], [11, 22]]}, "GBTClassifier": {"accuracy": 0.7, "f1_score": 0.7069356872635562, "roc_auc": 0.7014260249554367, "conf_matrix": [[12, 5], [10, 23]]}, "NaiveBayes": {"accuracy": 0.94, "f1_score": 0.939538670284939, "roc_auc": 0.9260249554367201, "conf_matrix": [[15, 2], [1, 32]]}, "LinearSVC": {"accuracy": 0.9, "f1_score": 0.9006593406593406, "roc_auc": 0.8957219251336899, "conf_matrix": [[15, 2], [3, 30]]}, "XGBoost": {"accuracy": 1.0, "f1_score": 1.0, "roc_auc": 1.0, "conf_matrix": [[84, 0], [0, 83]]}}